{
  "v": "4.5.7",
  "fr": 30,
  "ip": 0,
  "op": 309,
  "w": 300,
  "h": 300,
  "ddd": 0,
  "assets": [],
  "layers": [
    {
      "ddd": 0,
      "ind": 0,
      "ty": 4,
      "nm": "Cam",
      "ks": {
        "o": {
          "a": 1,
          "k": [
            {
              "i": {
                "x": [
                  0.833
                ],
                "y": [
                  0.833
                ]
              },
              "o": {
                "x": [
                  0.167
                ],
                "y": [
                  0.167
                ]
              },
              "n": [
                "0p833_0p833_0p167_0p167"
              ],
              "t": 0,
              "s": [
                0
              ],
              "e": [
                100
              ]
            },
            {
              "t": 1
            }
          ]
        },
        "r": {
          "a": 1,
          "k": [
            {
              "i": {
                "x": [
                  0.833
                ],
                "y": [
                  0.833
                ]
              },
              "o": {
                "x": [
                  0.333
                ],
                "y": [
                  0
                ]
              },
              "n": [
                "0p833_0p833_0p333_0"
              ],
              "t": 28,
              "s": [
                -180
              ],
              "e": [
                0
              ]
            },
            {
              "t": 50
            }
          ],
          "x": "var $bm_rt;\nvar amp, freq, decay, n, n, t, t, v;\namp = 0.05;\nfreq = 2;\ndecay = 7;\n$bm_rt = n = 0;\nif (numKeys > 0) {\n    $bm_rt = n = nearestKey(time).index;\n    if (key(n).time > time) {\n        n--;\n    }\n}\nif (n == 0) {\n    $bm_rt = t = 0;\n} else {\n    $bm_rt = t = sub(time, key(n).time);\n}\nif (n > 0) {\n    v = velocityAtTime(sub(key(n).time, div(thisComp.frameDuration, 10)));\n    $bm_rt = sum(value, div(mul(mul(v, amp), Math.sin(mul(mul(mul(freq, t), 2), Math.PI))), Math.exp(mul(decay, t))));\n} else {\n    $bm_rt = value;\n}"
        },
        "p": {
          "a": 1,
          "k": [
            {
              "i": {
                "x": 0.722,
                "y": 1
              },
              "o": {
                "x": 1,
                "y": 0
              },
              "n": "0p722_1_1_0",
              "t": 19,
              "s": [
                150,
                150,
                0
              ],
              "e": [
                150,
                51,
                0
              ],
              "to": [
                0,
                0,
                0
              ],
              "ti": [
                0,
                0,
                0
              ]
            },
            {
              "i": {
                "x": 0.833,
                "y": 0.833
              },
              "o": {
                "x": 0.873,
                "y": 0
              },
              "n": "0p833_0p833_0p873_0",
              "t": 36,
              "s": [
                150,
                51,
                0
              ],
              "e": [
                150,
                150,
                0
              ],
              "to": [
                0,
                0,
                0
              ],
              "ti": [
                0,
                0,
                0
              ]
            },
            {
              "t": 51
            }
          ],
          "x": "var $bm_rt;\nvar amp, freq, decay, n, n, t, t, v;\namp = 0.1;\nfreq = 1.5;\ndecay = 4;\n$bm_rt = n = 0;\nif (numKeys > 0) {\n    $bm_rt = n = nearestKey(time).index;\n    if (key(n).time > time) {\n        n--;\n    }\n}\nif (n == 0) {\n    $bm_rt = t = 0;\n} else {\n    $bm_rt = t = sub(time, key(n).time);\n}\nif (n > 0) {\n    v = velocityAtTime(sub(key(n).time, div(thisComp.frameDuration, 10)));\n    $bm_rt = sum(value, div(mul(mul(v, amp), Math.sin(mul(mul(mul(freq, t), 2), Math.PI))), Math.exp(mul(decay, t))));\n} else {\n    $bm_rt = value;\n}"
        },
        "a": {
          "a": 0,
          "k": [
            960,
            540,
            0
          ]
        },
        "s": {
          "a": 0,
          "k": [
            100,
            100,
            100
          ]
        }
      },
      "ao": 0,
      "shapes": [
        {
          "ty": "gr",
          "it": [
            {
              "ty": "gr",
              "it": [
                {
                  "ind": 0,
                  "ty": "sh",
                  "ks": {
                    "a": 1,
                    "k": [
                      {
                        "i": {
                          "x": 0.667,
                          "y": 1
                        },
                        "o": {
                          "x": 0.333,
                          "y": 0
                        },
                        "n": "0p667_1_0p333_0",
                        "t": 61,
                        "s": [
                          {
                            "i": [
                              [
                                0,
                                0
                              ],
                              [
                                0,
                                0
                              ],
                              [
                                0,
                                0
                              ],
                              [
                                0,
                                0
                              ]
                            ],
                            "o": [
                              [
                                0,
                                0
                              ],
                              [
                                0,
                                0
                              ],
                              [
                                0,
                                0
                              ],
                              [
                                0,
                                0
                              ]
                            ],
                            "v": [
                              [
                                5.673,
                                3.416
                              ],
                              [
                                -5.577,
                                3.416
                              ],
                              [
                                -5.625,
                                3.396
                              ],
                              [
                                5.625,
                                3.396
                              ]
                            ],
                            "c": true
                          }
                        ],
                        "e": [
                          {
                            "i": [
                              [
                                0,
                                0
                              ],
                              [
                                0,
                                0
                              ],
                              [
                                0,
                                0
                              ],
                              [
                                0,
                                0
                              ]
                            ],
                            "o": [
                              [
                                0,
                                0
                              ],
                              [
                                0,
                                0
                              ],
                              [
                                0,
                                0
                              ],
                              [
                                0,
                                0
                              ]
                            ],
                            "v": [
                              [
                                5.615,
                                -5.459
                              ],
                              [
                                -5.635,
                                -5.459
                              ],
                              [
                                -5.625,
                                3.396
                              ],
                              [
                                5.625,
                                3.396
                              ]
                            ],
                            "c": true
                          }
                        ]
                      },
                      {
                        "i": {
                          "x": 0.667,
                          "y": 1
                        },
                        "o": {
                          "x": 0.333,
                          "y": 0
                        },
                        "n": "0p667_1_0p333_0",
                        "t": 67,
                        "s": [
                          {
                            "i": [
                              [
                                0,
                                0
                              ],
                              [
                                0,
                                0
                              ],
                              [
                                0,
                                0
                              ],
                              [
                                0,
                                0
                              ]
                            ],
                            "o": [
                              [
                                0,
                                0
                              ],
                              [
                                0,
                                0
                              ],
                              [
                                0,
                                0
                              ],
                              [
                                0,
                                0
                              ]
                            ],
                            "v": [
                              [
                                5.615,
                                -5.459
                              ],
                              [
                                -5.635,
                                -5.459
                              ],
                              [
                                -5.625,
                                3.396
                              ],
                              [
                                5.625,
                                3.396
                              ]
                            ],
                            "c": true
                          }
                        ],
                        "e": [
                          {
                            "i": [
                              [
                                0,
                                0
                              ],
                              [
                                0,
                                0
                              ],
                              [
                                0,
                                0
                              ],
                              [
                                0,
                                0
                              ]
                            ],
                            "o": [
                              [
                                0,
                                0
                              ],
                              [
                                0,
                                0
                              ],
                              [
                                0,
                                0
                              ],
                              [
                                0,
                                0
                              ]
                            ],
                            "v": [
                              [
                                5.591,
                                -2.271
                              ],
                              [
                                -5.659,
                                -2.271
                              ],
                              [
                                -5.625,
                                3.396
                              ],
                              [
                                5.625,
                                3.396
                              ]
                            ],
                            "c": true
                          }
                        ]
                      },
                      {
                        "i": {
                          "x": 0.667,
                          "y": 1
                        },
                        "o": {
                          "x": 0.333,
                          "y": 0
                        },
                        "n": "0p667_1_0p333_0",
                        "t": 78,
                        "s": [
                          {
                            "i": [
                              [
                                0,
                                0
                              ],
                              [
                                0,
                                0
                              ],
                              [
                                0,
                                0
                              ],
                              [
                                0,
                                0
                              ]
                            ],
                            "o": [
                              [
                                0,
                                0
                              ],
                              [
                                0,
                                0
                              ],
                              [
                                0,
                                0
                              ],
                              [
                                0,
                                0
                              ]
                            ],
                            "v": [
                              [
                                5.591,
                                -2.271
                              ],
                              [
                                -5.659,
                                -2.271
                              ],
                              [
                                -5.625,
                                3.396
                              ],
                              [
                                5.625,
                                3.396
                              ]
                            ],
                            "c": true
                          }
                        ],
                        "e": [
                          {
                            "i": [
                              [
                                0,
                                0
                              ],
                              [
                                0,
                                0
                              ],
                              [
                                0,
                                0
                              ],
                              [
                                0,
                                0
                              ]
                            ],
                            "o": [
                              [
                                0,
                                0
                              ],
                              [
                                0,
                                0
                              ],
                              [
                                0,
                                0
                              ],
                              [
                                0,
                                0
                              ]
                            ],
                            "v": [
                              [
                                5.655,
                                -4.208
                              ],
                              [
                                -5.595,
                                -4.208
                              ],
                              [
                                -5.625,
                                3.396
                              ],
                              [
                                5.625,
                                3.396
                              ]
                            ],
                            "c": true
                          }
                        ]
                      },
                      {
                        "i": {
                          "x": 0.667,
                          "y": 1
                        },
                        "o": {
                          "x": 0.333,
                          "y": 0
                        },
                        "n": "0p667_1_0p333_0",
                        "t": 89,
                        "s": [
                          {
                            "i": [
                              [
                                0,
                                0
                              ],
                              [
                                0,
                                0
                              ],
                              [
                                0,
                                0
                              ],
                              [
                                0,
                                0
                              ]
                            ],
                            "o": [
                              [
                                0,
                                0
                              ],
                              [
                                0,
                                0
                              ],
                              [
                                0,
                                0
                              ],
                              [
                                0,
                                0
                              ]
                            ],
                            "v": [
                              [
                                5.655,
                                -4.208
                              ],
                              [
                                -5.595,
                                -4.208
                              ],
                              [
                                -5.625,
                                3.396
                              ],
                              [
                                5.625,
                                3.396
                              ]
                            ],
                            "c": true
                          }
                        ],
                        "e": [
                          {
                            "i": [
                              [
                                0,
                                0
                              ],
                              [
                                0,
                                0
                              ],
                              [
                                0,
                                0
                              ],
                              [
                                0,
                                0
                              ]
                            ],
                            "o": [
                              [
                                0,
                                0
                              ],
                              [
                                0,
                                0
                              ],
                              [
                                0,
                                0
                              ],
                              [
                                0,
                                0
                              ]
                            ],
                            "v": [
                              [
                                5.625,
                                -3.396
                              ],
                              [
                                -5.625,
                                -3.396
                              ],
                              [
                                -5.625,
                                3.396
                              ],
                              [
                                5.625,
                                3.396
                              ]
                            ],
                            "c": true
                          }
                        ]
                      },
                      {
                        "t": 98
                      }
                    ]
                  },
                  "nm": "Path 1",
                  "mn": "ADBE Vector Shape - Group"
                },
                {
                  "ty": "st",
                  "c": {
                    "a": 0,
                    "k": [
                      0.24,
                      0.26,
                      0.28,
                      1
                    ]
                  },
                  "o": {
                    "a": 0,
                    "k": 100
                  },
                  "w": {
                    "a": 0,
                    "k": 3
                  },
                  "lc": 2,
                  "lj": 2,
                  "nm": "Stroke 1",
                  "mn": "ADBE Vector Graphic - Stroke"
                },
                {
                  "ty": "tr",
                  "p": {
                    "a": 0,
                    "k": [
                      932.625,
                      514.146
                    ],
                    "ix": 2
                  },
                  "a": {
                    "a": 0,
                    "k": [
                      0,
                      0
                    ],
                    "ix": 1
                  },
                  "s": {
                    "a": 0,
                    "k": [
                      100,
                      100
                    ],
                    "ix": 3
                  },
                  "r": {
                    "a": 0,
                    "k": 0,
                    "ix": 6
                  },
                  "o": {
                    "a": 0,
                    "k": 100,
                    "ix": 7
                  },
                  "sk": {
                    "a": 0,
                    "k": 0,
                    "ix": 4
                  },
                  "sa": {
                    "a": 0,
                    "k": 0,
                    "ix": 5
                  },
                  "nm": "Transform"
                }
              ],
              "nm": "Group 1",
              "np": 2,
              "mn": "ADBE Vector Group"
            },
            {
              "ty": "gr",
              "it": [
                {
                  "ind": 0,
                  "ty": "sh",
                  "ks": {
                    "a": 1,
                    "k": [
                      {
                        "i": {
                          "x": 0.667,
                          "y": 1
                        },
                        "o": {
                          "x": 0.333,
                          "y": 0
                        },
                        "n": "0p667_1_0p333_0",
                        "t": 57,
                        "s": [
                          {
                            "i": [
                              [
                                0,
                                0
                              ],
                              [
                                0,
                                0
                              ],
                              [
                                0,
                                0
                              ],
                              [
                                0,
                                0
                              ]
                            ],
                            "o": [
                              [
                                0,
                                0
                              ],
                              [
                                0,
                                0
                              ],
                              [
                                0,
                                0
                              ],
                              [
                                0,
                                0
                              ]
                            ],
                            "v": [
                              [
                                16.938,
                                5.401
                              ],
                              [
                                -16.938,
                                5.401
                              ],
                              [
                                -11.337,
                                5.349
                              ],
                              [
                                11.451,
                                5.349
                              ]
                            ],
                            "c": true
                          }
                        ],
                        "e": [
                          {
                            "i": [
                              [
                                0,
                                0
                              ],
                              [
                                0,
                                0
                              ],
                              [
                                0,
                                0
                              ],
                              [
                                0,
                                0
                              ]
                            ],
                            "o": [
                              [
                                0,
                                0
                              ],
                              [
                                0,
                                0
                              ],
                              [
                                0,
                                0
                              ],
                              [
                                0,
                                0
                              ]
                            ],
                            "v": [
                              [
                                16.938,
                                5.401
                              ],
                              [
                                -16.938,
                                5.401
                              ],
                              [
                                -11.391,
                                -8.901
                              ],
                              [
                                11.397,
                                -8.901
                              ]
                            ],
                            "c": true
                          }
                        ]
                      },
                      {
                        "i": {
                          "x": 0.667,
                          "y": 1
                        },
                        "o": {
                          "x": 0.333,
                          "y": 0
                        },
                        "n": "0p667_1_0p333_0",
                        "t": 63,
                        "s": [
                          {
                            "i": [
                              [
                                0,
                                0
                              ],
                              [
                                0,
                                0
                              ],
                              [
                                0,
                                0
                              ],
                              [
                                0,
                                0
                              ]
                            ],
                            "o": [
                              [
                                0,
                                0
                              ],
                              [
                                0,
                                0
                              ],
                              [
                                0,
                                0
                              ],
                              [
                                0,
                                0
                              ]
                            ],
                            "v": [
                              [
                                16.938,
                                5.401
                              ],
                              [
                                -16.938,
                                5.401
                              ],
                              [
                                -11.391,
                                -8.901
                              ],
                              [
                                11.397,
                                -8.901
                              ]
                            ],
                            "c": true
                          }
                        ],
                        "e": [
                          {
                            "i": [
                              [
                                0,
                                0
                              ],
                              [
                                0,
                                0
                              ],
                              [
                                0,
                                0
                              ],
                              [
                                0,
                                0
                              ]
                            ],
                            "o": [
                              [
                                0,
                                0
                              ],
                              [
                                0,
                                0
                              ],
                              [
                                0,
                                0
                              ],
                              [
                                0,
                                0
                              ]
                            ],
                            "v": [
                              [
                                16.938,
                                5.401
                              ],
                              [
                                -16.938,
                                5.401
                              ],
                              [
                                -11.39,
                                -2.151
                              ],
                              [
                                11.398,
                                -2.151
                              ]
                            ],
                            "c": true
                          }
                        ]
                      },
                      {
                        "i": {
                          "x": 0.667,
                          "y": 1
                        },
                        "o": {
                          "x": 0.333,
                          "y": 0
                        },
                        "n": "0p667_1_0p333_0",
                        "t": 74,
                        "s": [
                          {
                            "i": [
                              [
                                0,
                                0
                              ],
                              [
                                0,
                                0
                              ],
                              [
                                0,
                                0
                              ],
                              [
                                0,
                                0
                              ]
                            ],
                            "o": [
                              [
                                0,
                                0
                              ],
                              [
                                0,
                                0
                              ],
                              [
                                0,
                                0
                              ],
                              [
                                0,
                                0
                              ]
                            ],
                            "v": [
                              [
                                16.938,
                                5.401
                              ],
                              [
                                -16.938,
                                5.401
                              ],
                              [
                                -11.39,
                                -2.151
                              ],
                              [
                                11.398,
                                -2.151
                              ]
                            ],
                            "c": true
                          }
                        ],
                        "e": [
                          {
                            "i": [
                              [
                                0,
                                0
                              ],
                              [
                                0,
                                0
                              ],
                              [
                                0,
                                0
                              ],
                              [
                                0,
                                0
                              ]
                            ],
                            "o": [
                              [
                                0,
                                0
                              ],
                              [
                                0,
                                0
                              ],
                              [
                                0,
                                0
                              ],
                              [
                                0,
                                0
                              ]
                            ],
                            "v": [
                              [
                                16.938,
                                5.401
                              ],
                              [
                                -16.938,
                                5.401
                              ],
                              [
                                -11.384,
                                -6.901
                              ],
                              [
                                11.404,
                                -6.901
                              ]
                            ],
                            "c": true
                          }
                        ]
                      },
                      {
                        "i": {
                          "x": 0.667,
                          "y": 1
                        },
                        "o": {
                          "x": 0.333,
                          "y": 0
                        },
                        "n": "0p667_1_0p333_0",
                        "t": 85,
                        "s": [
                          {
                            "i": [
                              [
                                0,
                                0
                              ],
                              [
                                0,
                                0
                              ],
                              [
                                0,
                                0
                              ],
                              [
                                0,
                                0
                              ]
                            ],
                            "o": [
                              [
                                0,
                                0
                              ],
                              [
                                0,
                                0
                              ],
                              [
                                0,
                                0
                              ],
                              [
                                0,
                                0
                              ]
                            ],
                            "v": [
                              [
                                16.938,
                                5.401
                              ],
                              [
                                -16.938,
                                5.401
                              ],
                              [
                                -11.384,
                                -6.901
                              ],
                              [
                                11.404,
                                -6.901
                              ]
                            ],
                            "c": true
                          }
                        ],
                        "e": [
                          {
                            "i": [
                              [
                                0,
                                0
                              ],
                              [
                                0,
                                0
                              ],
                              [
                                0,
                                0
                              ],
                              [
                                0,
                                0
                              ]
                            ],
                            "o": [
                              [
                                0,
                                0
                              ],
                              [
                                0,
                                0
                              ],
                              [
                                0,
                                0
                              ],
                              [
                                0,
                                0
                              ]
                            ],
                            "v": [
                              [
                                16.938,
                                5.401
                              ],
                              [
                                -16.938,
                                5.401
                              ],
                              [
                                -11.395,
                                -5.401
                              ],
                              [
                                11.393,
                                -5.401
                              ]
                            ],
                            "c": true
                          }
                        ]
                      },
                      {
                        "t": 94
                      }
                    ]
                  },
                  "nm": "Path 1",
                  "mn": "ADBE Vector Shape - Group"
                },
                {
                  "ty": "st",
                  "c": {
                    "a": 0,
                    "k": [
                      0.24,
                      0.26,
                      0.28,
                      1
                    ]
                  },
                  "o": {
                    "a": 0,
                    "k": 100
                  },
                  "w": {
                    "a": 0,
                    "k": 3
                  },
                  "lc": 2,
                  "lj": 2,
                  "nm": "Stroke 1",
                  "mn": "ADBE Vector Graphic - Stroke"
                },
                {
                  "ty": "tr",
                  "p": {
                    "a": 0,
                    "k": [
                      960.938,
                      512.141
                    ],
                    "ix": 2
                  },
                  "a": {
                    "a": 0,
                    "k": [
                      0,
                      0
                    ],
                    "ix": 1
                  },
                  "s": {
                    "a": 0,
                    "k": [
                      100,
                      100
                    ],
                    "ix": 3
                  },
                  "r": {
                    "a": 0,
                    "k": 0,
                    "ix": 6
                  },
                  "o": {
                    "a": 0,
                    "k": 100,
                    "ix": 7
                  },
                  "sk": {
                    "a": 0,
                    "k": 0,
                    "ix": 4
                  },
                  "sa": {
                    "a": 0,
                    "k": 0,
                    "ix": 5
                  },
                  "nm": "Transform"
                }
              ],
              "nm": "Group 4",
              "np": 2,
              "mn": "ADBE Vector Group"
            },
            {
              "ty": "tr",
              "p": {
                "a": 0,
                "k": [
                  952.438,
                  512.141
                ],
                "ix": 2
              },
              "a": {
                "a": 0,
                "k": [
                  952.438,
                  512.141
                ],
                "ix": 1
              },
              "s": {
                "a": 0,
                "k": [
                  100,
                  100
                ],
                "ix": 3
              },
              "r": {
                "a": 0,
                "k": 0,
                "ix": 6
              },
              "o": {
                "a": 1,
                "k": [
                  {
                    "i": {
                      "x": [
                        0.833
                      ],
                      "y": [
                        0.833
                      ]
                    },
                    "o": {
                      "x": [
                        0.167
                      ],
                      "y": [
                        0.167
                      ]
                    },
                    "n": [
                      "0p833_0p833_0p167_0p167"
                    ],
                    "t": 57,
                    "s": [
                      0
                    ],
                    "e": [
                      100
                    ]
                  },
                  {
                    "t": 58
                  }
                ],
                "ix": 7
              },
              "sk": {
                "a": 0,
                "k": 0,
                "ix": 4
              },
              "sa": {
                "a": 0,
                "k": 0,
                "ix": 5
              },
              "nm": "Transform"
            }
          ],
          "nm": "top",
          "np": 2,
          "mn": "ADBE Vector Group"
        },
        {
          "ty": "gr",
          "it": [
            {
              "ind": 0,
              "ty": "sh",
              "ks": {
                "a": 0,
                "k": {
                  "i": [
                    [
                      0,
                      0
                    ],
                    [
                      0,
                      0
                    ]
                  ],
                  "o": [
                    [
                      0,
                      0
                    ],
                    [
                      0,
                      0
                    ]
                  ],
                  "v": [
                    [
                      988.179,
                      533.464
                    ],
                    [
                      994.861,
                      533.464
                    ]
                  ],
                  "c": false
                }
              },
              "nm": "Path 1",
              "mn": "ADBE Vector Shape - Group"
            },
            {
              "ty": "st",
              "c": {
                "a": 0,
                "k": [
                  0.51,
                  0.3,
                  1,
                  1
                ]
              },
              "o": {
                "a": 0,
                "k": 100
              },
              "w": {
                "a": 0,
                "k": 3
              },
              "lc": 2,
              "lj": 1,
              "ml": 10,
              "nm": "Stroke 1",
              "mn": "ADBE Vector Graphic - Stroke"
            },
            {
              "ty": "tr",
              "p": {
                "a": 0,
                "k": [
                  991.542,
                  530.006
                ],
                "ix": 2
              },
              "a": {
                "a": 0,
                "k": [
                  991.542,
                  530.006
                ],
                "ix": 1
              },
              "s": {
                "a": 1,
                "k": [
                  {
                    "i": {
                      "x": [
                        0.833,
                        0.833
                      ],
                      "y": [
                        0.833,
                        0.833
                      ]
                    },
                    "o": {
                      "x": [
                        1,
                        1
                      ],
                      "y": [
                        0,
                        1
                      ]
                    },
                    "n": [
                      "0p833_0p833_1_0",
                      "0p833_0p833_1_1"
                    ],
                    "t": 61,
                    "s": [
                      0,
                      100
                    ],
                    "e": [
                      100,
                      100
                    ]
                  },
                  {
                    "t": 71
                  }
                ],
                "x": "var $bm_rt;\nvar amp, freq, decay, n, n, t, t, v;\namp = 0.05;\nfreq = 1.5;\ndecay = 4;\n$bm_rt = n = 0;\nif (numKeys > 0) {\n    $bm_rt = n = nearestKey(time).index;\n    if (key(n).time > time) {\n        n--;\n    }\n}\nif (n == 0) {\n    $bm_rt = t = 0;\n} else {\n    $bm_rt = t = sub(time, key(n).time);\n}\nif (n > 0) {\n    v = velocityAtTime(sub(key(n).time, div(thisComp.frameDuration, 10)));\n    $bm_rt = sum(value, div(mul(mul(v, amp), Math.sin(mul(mul(mul(freq, t), 2), Math.PI))), Math.exp(mul(decay, t))));\n} else {\n    $bm_rt = value;\n}",
                "ix": 3
              },
              "r": {
                "a": 0,
                "k": 0,
                "ix": 6
              },
              "o": {
                "a": 0,
                "k": 100,
                "ix": 7
              },
              "sk": {
                "a": 0,
                "k": 0,
                "ix": 4
              },
              "sa": {
                "a": 0,
                "k": 0,
                "ix": 5
              },
              "nm": "Transform"
            }
          ],
          "nm": "Group 2",
          "np": 2,
          "mn": "ADBE Vector Group"
        },
        {
          "ty": "gr",
          "it": [
            {
              "ty": "gr",
              "it": [
                {
                  "ind": 0,
                  "ty": "sh",
                  "ks": {
                    "a": 0,
                    "k": {
                      "i": [
                        [
                          0,
                          -1.721
                        ],
                        [
                          2.254,
                          0
                        ],
                        [
                          0,
                          1.722
                        ],
                        [
                          -2.255,
                          0
                        ]
                      ],
                      "o": [
                        [
                          0,
                          1.722
                        ],
                        [
                          -2.255,
                          0
                        ],
                        [
                          0,
                          -1.721
                        ],
                        [
                          2.254,
                          0
                        ]
                      ],
                      "v": [
                        [
                          4.082,
                          -0.001
                        ],
                        [
                          0,
                          3.117
                        ],
                        [
                          -4.082,
                          -0.001
                        ],
                        [
                          0,
                          -3.117
                        ]
                      ],
                      "c": true
                    }
                  },
                  "nm": "Path 1",
                  "mn": "ADBE Vector Shape - Group"
                },
                {
                  "ty": "fl",
                  "c": {
                    "a": 0,
                    "k": [
                      1,
                      1,
                      1,
                      1
                    ]
                  },
                  "o": {
                    "a": 0,
                    "k": 100
                  },
                  "nm": "Fill 1",
                  "mn": "ADBE Vector Graphic - Fill"
                },
                {
                  "ty": "tr",
                  "p": {
                    "a": 0,
                    "k": [
                      960.938,
                      545.6
                    ],
                    "ix": 2
                  },
                  "a": {
                    "a": 0,
                    "k": [
                      0,
                      0
                    ],
                    "ix": 1
                  },
                  "s": {
                    "a": 1,
                    "k": [
                      {
                        "i": {
                          "x": [
                            0.833,
                            0.833
                          ],
                          "y": [
                            0.833,
                            0.833
                          ]
                        },
                        "o": {
                          "x": [
                            1,
                            1
                          ],
                          "y": [
                            0,
                            0
                          ]
                        },
                        "n": [
                          "0p833_0p833_1_0",
                          "0p833_0p833_1_0"
                        ],
                        "t": 54,
                        "s": [
                          0,
                          0
                        ],
                        "e": [
                          100,
                          100
                        ]
                      },
                      {
                        "t": 69
                      }
                    ],
                    "x": "var $bm_rt;\nvar amp, freq, decay, n, n, t, t, v;\namp = 0.05;\nfreq = 1.5;\ndecay = 4;\n$bm_rt = n = 0;\nif (numKeys > 0) {\n    $bm_rt = n = nearestKey(time).index;\n    if (key(n).time > time) {\n        n--;\n    }\n}\nif (n == 0) {\n    $bm_rt = t = 0;\n} else {\n    $bm_rt = t = sub(time, key(n).time);\n}\nif (n > 0) {\n    v = velocityAtTime(sub(key(n).time, div(thisComp.frameDuration, 10)));\n    $bm_rt = sum(value, div(mul(mul(v, amp), Math.sin(mul(mul(mul(freq, t), 2), Math.PI))), Math.exp(mul(decay, t))));\n} else {\n    $bm_rt = value;\n}",
                    "ix": 3
                  },
                  "r": {
                    "a": 0,
                    "k": 0,
                    "ix": 6
                  },
                  "o": {
                    "a": 0,
                    "k": 100,
                    "ix": 7
                  },
                  "sk": {
                    "a": 0,
                    "k": 0,
                    "ix": 4
                  },
                  "sa": {
                    "a": 0,
                    "k": 0,
                    "ix": 5
                  },
                  "nm": "Transform"
                }
              ],
              "nm": "Group 3",
              "np": 2,
              "mn": "ADBE Vector Group"
            },
            {
              "ty": "gr",
              "it": [
                {
                  "ind": 0,
                  "ty": "sh",
                  "ks": {
                    "a": 0,
                    "k": {
                      "i": [
                        [
                          0,
                          -5.513
                        ],
                        [
                          5.511,
                          0
                        ],
                        [
                          0,
                          5.512
                        ],
                        [
                          -5.513,
                          0
                        ]
                      ],
                      "o": [
                        [
                          0,
                          5.512
                        ],
                        [
                          -5.513,
                          0
                        ],
                        [
                          0,
                          -5.513
                        ],
                        [
                          5.511,
                          0
                        ]
                      ],
                      "v": [
                        [
                          9.981,
                          0
                        ],
                        [
                          0.001,
                          9.981
                        ],
                        [
                          -9.981,
                          0
                        ],
                        [
                          0.001,
                          -9.98
                        ]
                      ],
                      "c": true
                    }
                  },
                  "nm": "Path 1",
                  "mn": "ADBE Vector Shape - Group"
                },
                {
                  "ty": "fl",
                  "c": {
                    "a": 0,
                    "k": [
                      0.51,
                      0.3,
                      1,
                      1
                    ]
                  },
                  "o": {
                    "a": 0,
                    "k": 100
                  },
                  "nm": "Fill 1",
                  "mn": "ADBE Vector Graphic - Fill"
                },
                {
                  "ty": "tr",
                  "p": {
                    "a": 0,
                    "k": [
                      960.938,
                      549.846
                    ],
                    "ix": 2
                  },
                  "a": {
                    "a": 0,
                    "k": [
                      0,
                      0
                    ],
                    "ix": 1
                  },
                  "s": {
                    "a": 1,
                    "k": [
                      {
                        "i": {
                          "x": [
                            0.833,
                            0.833
                          ],
                          "y": [
                            0.833,
                            0.833
                          ]
                        },
                        "o": {
                          "x": [
                            1,
                            1
                          ],
                          "y": [
                            0,
                            0
                          ]
                        },
                        "n": [
                          "0p833_0p833_1_0",
                          "0p833_0p833_1_0"
                        ],
                        "t": 44,
                        "s": [
                          0,
                          0
                        ],
                        "e": [
                          100,
                          100
                        ]
                      },
                      {
                        "t": 59
                      }
                    ],
                    "x": "var $bm_rt;\nvar amp, freq, decay, n, n, t, t, v;\namp = 0.05;\nfreq = 1.5;\ndecay = 4;\n$bm_rt = n = 0;\nif (numKeys > 0) {\n    $bm_rt = n = nearestKey(time).index;\n    if (key(n).time > time) {\n        n--;\n    }\n}\nif (n == 0) {\n    $bm_rt = t = 0;\n} else {\n    $bm_rt = t = sub(time, key(n).time);\n}\nif (n > 0) {\n    v = velocityAtTime(sub(key(n).time, div(thisComp.frameDuration, 10)));\n    $bm_rt = sum(value, div(mul(mul(v, amp), Math.sin(mul(mul(mul(freq, t), 2), Math.PI))), Math.exp(mul(decay, t))));\n} else {\n    $bm_rt = value;\n}",
                    "ix": 3
                  },
                  "r": {
                    "a": 0,
                    "k": 0,
                    "ix": 6
                  },
                  "o": {
                    "a": 0,
                    "k": 100,
                    "ix": 7
                  },
                  "sk": {
                    "a": 0,
                    "k": 0,
                    "ix": 4
                  },
                  "sa": {
                    "a": 0,
                    "k": 0,
                    "ix": 5
                  },
                  "nm": "Transform"
                }
              ],
              "nm": "Group 5",
              "np": 2,
              "mn": "ADBE Vector Group"
            },
            {
              "ty": "gr",
              "it": [
                {
                  "ind": 0,
                  "ty": "sh",
                  "ks": {
                    "a": 0,
                    "k": {
                      "i": [
                        [
                          0,
                          -8.74
                        ],
                        [
                          8.74,
                          0
                        ],
                        [
                          0,
                          8.739
                        ],
                        [
                          -8.741,
                          0
                        ]
                      ],
                      "o": [
                        [
                          0,
                          8.739
                        ],
                        [
                          -8.741,
                          0
                        ],
                        [
                          0,
                          -8.74
                        ],
                        [
                          8.74,
                          0
                        ]
                      ],
                      "v": [
                        [
                          15.826,
                          0.001
                        ],
                        [
                          0,
                          15.826
                        ],
                        [
                          -15.826,
                          0.001
                        ],
                        [
                          0,
                          -15.826
                        ]
                      ],
                      "c": true
                    }
                  },
                  "nm": "Path 1",
                  "mn": "ADBE Vector Shape - Group"
                },
                {
                  "ty": "tm",
                  "s": {
                    "a": 0,
                    "k": 0,
                    "ix": 1
                  },
                  "e": {
                    "a": 1,
                    "k": [
                      {
                        "i": {
                          "x": [
                            0
                          ],
                          "y": [
                            1
                          ]
                        },
                        "o": {
                          "x": [
                            0.588
                          ],
                          "y": [
                            0
                          ]
                        },
                        "n": [
                          "0_1_0p588_0"
                        ],
                        "t": 57,
                        "s": [
                          0
                        ],
                        "e": [
                          100
                        ]
                      },
                      {
                        "t": 87
                      }
                    ],
                    "ix": 2
                  },
                  "o": {
                    "a": 0,
                    "k": 0,
                    "ix": 3
                  },
                  "m": 1,
                  "ix": 2,
                  "nm": "Trim Paths 1",
                  "mn": "ADBE Vector Filter - Trim"
                },
                {
                  "ty": "st",
                  "c": {
                    "a": 0,
                    "k": [
                      0.24,
                      0.26,
                      0.28,
                      1
                    ]
                  },
                  "o": {
                    "a": 0,
                    "k": 100
                  },
                  "w": {
                    "a": 0,
                    "k": 3
                  },
                  "lc": 2,
                  "lj": 2,
                  "nm": "Stroke 1",
                  "mn": "ADBE Vector Graphic - Stroke"
                },
                {
                  "ty": "tr",
                  "p": {
                    "a": 0,
                    "k": [
                      960.939,
                      549.846
                    ],
                    "ix": 2
                  },
                  "a": {
                    "a": 0,
                    "k": [
                      0,
                      0
                    ],
                    "ix": 1
                  },
                  "s": {
                    "a": 0,
                    "k": [
                      100,
                      100
                    ],
                    "ix": 3
                  },
                  "r": {
                    "a": 0,
                    "k": 0,
                    "ix": 6
                  },
                  "o": {
                    "a": 0,
                    "k": 100,
                    "ix": 7
                  },
                  "sk": {
                    "a": 0,
                    "k": 0,
                    "ix": 4
                  },
                  "sa": {
                    "a": 0,
                    "k": 0,
                    "ix": 5
                  },
                  "nm": "Transform"
                }
              ],
              "nm": "Group 6",
              "np": 3,
              "mn": "ADBE Vector Group"
            },
            {
              "ty": "tr",
              "p": {
                "a": 0,
                "k": [
                  960.939,
                  549.846
                ],
                "ix": 2
              },
              "a": {
                "a": 0,
                "k": [
                  960.939,
                  549.846
                ],
                "ix": 1
              },
              "s": {
                "a": 0,
                "k": [
                  100,
                  100
                ],
                "ix": 3
              },
              "r": {
                "a": 0,
                "k": 0,
                "ix": 6
              },
              "o": {
                "a": 0,
                "k": 100,
                "ix": 7
              },
              "sk": {
                "a": 0,
                "k": 0,
                "ix": 4
              },
              "sa": {
                "a": 0,
                "k": 0,
                "ix": 5
              },
              "nm": "Transform"
            }
          ],
          "nm": "lense",
          "np": 3,
          "mn": "ADBE Vector Group"
        },
        {
          "ty": "gr",
          "it": [
            {
              "ind": 0,
              "ty": "sh",
              "ks": {
                "a": 1,
                "k": [
                  {
                    "i": {
                      "x": 0.833,
                      "y": 0.833
                    },
                    "o": {
                      "x": 1,
                      "y": 0
                    },
                    "n": "0p833_0p833_1_0",
                    "t": 40,
                    "s": [
                      {
                        "i": [
                          [
                            0,
                            0
                          ],
                          [
                            0,
                            0
                          ]
                        ],
                        "o": [
                          [
                            0,
                            0
                          ],
                          [
                            0,
                            0
                          ]
                        ],
                        "v": [
                          [
                            920.376,
                            541.456
                          ],
                          [
                            920.263,
                            542.073
                          ]
                        ],
                        "c": false
                      }
                    ],
                    "e": [
                      {
                        "i": [
                          [
                            0,
                            0
                          ],
                          [
                            0,
                            0
                          ]
                        ],
                        "o": [
                          [
                            0,
                            0
                          ],
                          [
                            0,
                            0
                          ]
                        ],
                        "v": [
                          [
                            920.466,
                            526.081
                          ],
                          [
                            920.353,
                            526.698
                          ]
                        ],
                        "c": false
                      }
                    ]
                  },
                  {
                    "i": {
                      "x": 0,
                      "y": 1
                    },
                    "o": {
                      "x": 0.22,
                      "y": 0
                    },
                    "n": "0_1_0p22_0",
                    "t": 51,
                    "s": [
                      {
                        "i": [
                          [
                            0,
                            0
                          ],
                          [
                            0,
                            0
                          ]
                        ],
                        "o": [
                          [
                            0,
                            0
                          ],
                          [
                            0,
                            0
                          ]
                        ],
                        "v": [
                          [
                            920.466,
                            526.081
                          ],
                          [
                            920.353,
                            526.698
                          ]
                        ],
                        "c": false
                      }
                    ],
                    "e": [
                      {
                        "i": [
                          [
                            0,
                            0
                          ],
                          [
                            0,
                            0
                          ]
                        ],
                        "o": [
                          [
                            0,
                            0
                          ],
                          [
                            0,
                            0
                          ]
                        ],
                        "v": [
                          [
                            920.466,
                            526.081
                          ],
                          [
                            1001.41,
                            526.081
                          ]
                        ],
                        "c": false
                      }
                    ]
                  },
                  {
                    "t": 71
                  }
                ]
              },
              "nm": "Path 1",
              "mn": "ADBE Vector Shape - Group"
            },
            {
              "ty": "st",
              "c": {
                "a": 0,
                "k": [
                  0.24,
                  0.26,
                  0.28,
                  1
                ]
              },
              "o": {
                "a": 0,
                "k": 100
              },
              "w": {
                "a": 0,
                "k": 3
              },
              "lc": 2,
              "lj": 2,
              "nm": "Stroke 1",
              "mn": "ADBE Vector Graphic - Stroke"
            },
            {
              "ty": "tr",
              "p": {
                "a": 0,
                "k": [
                  0,
                  0
                ],
                "ix": 2
              },
              "a": {
                "a": 0,
                "k": [
                  0,
                  0
                ],
                "ix": 1
              },
              "s": {
                "a": 0,
                "k": [
                  100,
                  100
                ],
                "ix": 3
              },
              "r": {
                "a": 0,
                "k": 0,
                "ix": 6
              },
              "o": {
                "a": 0,
                "k": 100,
                "ix": 7
              },
              "sk": {
                "a": 0,
                "k": 0,
                "ix": 4
              },
              "sa": {
                "a": 0,
                "k": 0,
                "ix": 5
              },
              "nm": "Transform"
            }
          ],
          "nm": "Group 7",
          "np": 2,
          "mn": "ADBE Vector Group"
        },
        {
          "ty": "gr",
          "it": [
            {
              "ind": 0,
              "ty": "sh",
              "ks": {
                "a": 1,
                "k": [
                  {
                    "i": {
                      "x": 0.11,
                      "y": 1
                    },
                    "o": {
                      "x": 1,
                      "y": 0
                    },
                    "n": "0p11_1_1_0",
                    "t": 0,
                    "s": [
                      {
                        "i": [
                          [
                            0,
                            0
                          ],
                          [
                            0,
                            0
                          ],
                          [
                            0,
                            0
                          ],
                          [
                            0,
                            0
                          ]
                        ],
                        "o": [
                          [
                            0,
                            0
                          ],
                          [
                            0,
                            0
                          ],
                          [
                            0,
                            0
                          ],
                          [
                            0,
                            0
                          ]
                        ],
                        "v": [
                          [
                            -40.5,
                            -3.375
                          ],
                          [
                            -40.444,
                            -3.154
                          ],
                          [
                            -40.5,
                            -3.346
                          ],
                          [
                            -40.556,
                            -3.567
                          ]
                        ],
                        "c": true
                      }
                    ],
                    "e": [
                      {
                        "i": [
                          [
                            0,
                            0
                          ],
                          [
                            0,
                            0
                          ],
                          [
                            0,
                            0
                          ],
                          [
                            0,
                            0
                          ]
                        ],
                        "o": [
                          [
                            0,
                            0
                          ],
                          [
                            0,
                            0
                          ],
                          [
                            0,
                            0
                          ],
                          [
                            0,
                            0
                          ]
                        ],
                        "v": [
                          [
                            -40.528,
                            27.5
                          ],
                          [
                            -40.472,
                            27.721
                          ],
                          [
                            -40.472,
                            -27.721
                          ],
                          [
                            -40.528,
                            -27.942
                          ]
                        ],
                        "c": true
                      }
                    ]
                  },
                  {
                    "i": {
                      "x": 0.19,
                      "y": 1
                    },
                    "o": {
                      "x": 0.657,
                      "y": 0
                    },
                    "n": "0p19_1_0p657_0",
                    "t": 20,
                    "s": [
                      {
                        "i": [
                          [
                            0,
                            0
                          ],
                          [
                            0,
                            0
                          ],
                          [
                            0,
                            0
                          ],
                          [
                            0,
                            0
                          ]
                        ],
                        "o": [
                          [
                            0,
                            0
                          ],
                          [
                            0,
                            0
                          ],
                          [
                            0,
                            0
                          ],
                          [
                            0,
                            0
                          ]
                        ],
                        "v": [
                          [
                            -40.528,
                            27.5
                          ],
                          [
                            -40.472,
                            27.721
                          ],
                          [
                            -40.472,
                            -27.721
                          ],
                          [
                            -40.528,
                            -27.942
                          ]
                        ],
                        "c": true
                      }
                    ],
                    "e": [
                      {
                        "i": [
                          [
                            0,
                            0
                          ],
                          [
                            0,
                            0
                          ],
                          [
                            0,
                            0
                          ],
                          [
                            0,
                            0
                          ]
                        ],
                        "o": [
                          [
                            0,
                            0
                          ],
                          [
                            0,
                            0
                          ],
                          [
                            0,
                            0
                          ],
                          [
                            0,
                            0
                          ]
                        ],
                        "v": [
                          [
                            40.472,
                            27.721
                          ],
                          [
                            -40.472,
                            27.721
                          ],
                          [
                            -40.472,
                            -27.721
                          ],
                          [
                            40.472,
                            -27.721
                          ]
                        ],
                        "c": true
                      }
                    ]
                  },
                  {
                    "t": 40.052734375
                  }
                ]
              },
              "nm": "Path 1",
              "mn": "ADBE Vector Shape - Group"
            },
            {
              "ty": "st",
              "c": {
                "a": 0,
                "k": [
                  0.24,
                  0.26,
                  0.28,
                  1
                ]
              },
              "o": {
                "a": 0,
                "k": 100
              },
              "w": {
                "a": 0,
                "k": 3
              },
              "lc": 2,
              "lj": 2,
              "nm": "Stroke 1",
              "mn": "ADBE Vector Graphic - Stroke"
            },
            {
              "ty": "tr",
              "p": {
                "a": 0,
                "k": [
                  960.938,
                  545.263
                ],
                "ix": 2
              },
              "a": {
                "a": 0,
                "k": [
                  0,
                  0
                ],
                "ix": 1
              },
              "s": {
                "a": 0,
                "k": [
                  100,
                  100
                ],
                "ix": 3
              },
              "r": {
                "a": 0,
                "k": 0,
                "ix": 6
              },
              "o": {
                "a": 0,
                "k": 100,
                "ix": 7
              },
              "sk": {
                "a": 0,
                "k": 0,
                "ix": 4
              },
              "sa": {
                "a": 0,
                "k": 0,
                "ix": 5
              },
              "nm": "Transform"
            }
          ],
          "nm": "box",
          "np": 2,
          "mn": "ADBE Vector Group"
        }
      ],
      "ip": 0,
      "op": 309,
      "st": 0,
      "bm": 0,
      "sr": 1
    }
  ]
}