{
  "assets": [],
  "layers": [
    {
      "ddd": 0,
      "ind": 0,
      "ty": 4,
      "nm": "Shape Layer 1",
      "parent": 11,
      "ks": {
        "o": {
          "k": 100
        },
        "r": {
          "k": 0
        },
        "p": {
          "k": [
            250,
            300,
            0
          ]
        },
        "a": {
          "k": [
            0,
            0,
            0
          ]
        },
        "s": {
          "k": [
            100,
            100,
            100
          ]
        }
      },
      "ao": 0,
      "shapes": [
        {
          "ty": "gr",
          "it": [
            {
              "ind": 0,
              "ty": "sh",
              "ks": {
                "k": {
                  "i": [
                    [
                      15,
                      -1
                    ],
                    [
                      -5,
                      -24
                    ],
                    [
                      17,
                      2
                    ],
                    [
                      16,
                      -34
                    ],
                    [
                      7,
                      -25
                    ],
                    [
                      -34,
                      -24
                    ],
                    [
                      -18,
                      -6
                    ],
                    [
                      -30,
                      17
                    ],
                    [
                      -14,
                      21
                    ],
                    [
                      -10,
                      40
                    ],
                    [
                      33,
                      2
                    ],
                    [
                      6,
                      23
                    ]
                  ],
                  "o": [
                    [
                      -15,
                      1
                    ],
                    [
                      5,
                      24
                    ],
                    [
                      -17,
                      -2
                    ],
                    [
                      -16,
                      34
                    ],
                    [
                      -7,
                      25
                    ],
                    [
                      34,
                      24
                    ],
                    [
                      18,
                      6
                    ],
                    [
                      30,
                      -17
                    ],
                    [
                      14,
                      -21
                    ],
                    [
                      10,
                      -40
                    ],
                    [
                      -33,
                      -2
                    ],
                    [
                      -6,
                      -23
                    ]
                  ],
                  "v": [
                    [
                      2,
                      -132
                    ],
                    [
                      -14,
                      -99
                    ],
                    [
                      -51,
                      -57
                    ],
                    [
                      -108,
                      -64
                    ],
                    [
                      -67,
                      6
                    ],
                    [
                      -77,
                      86
                    ],
                    [
                      -3,
                      53
                    ],
                    [
                      51,
                      94
                    ],
                    [
                      55,
                      13
                    ],
                    [
                      117,
                      -4
                    ],
                    [
                      54,
                      -56
                    ],
                    [
                      28,
                      -103
                    ]
                  ],
                  "c": true
                }
              },
              "nm": "Path 1"
            },
            {
              "ty": "st",
              "fillEnabled": true,
              "c": {
                "k": [
                  0,
                  0.32,
                  0.5,
                  1
                ]
              },
              "o": {
                "k": 100
              },
              "w": {
                "k": 4
              },
              "lc": 1,
              "lj": 1,
              "ml": 4,
              "nm": "Stroke 1"
            },
            {
              "ty": "tm",
              "s": {
                "k": [
                  {
                    "i": {
                      "x": [
                        0.667
                      ],
                      "y": [
                        1
                      ]
                    },
                    "o": {
                      "x": [
                        0.333
                      ],
                      "y": [
                        0
                      ]
                    },
                    "n": [
                      "0p667_1_0p333_0"
                    ],
                    "t": 0,
                    "s": [
                      100
                    ],
                    "e": [
                      0
                    ]
                  },
                  {
                    "t": 24
                  }
                ],
                "ix": 1
              },
              "e": {
                "k": [
                  {
                    "i": {
                      "x": [
                        0.667
                      ],
                      "y": [
                        1
                      ]
                    },
                    "o": {
                      "x": [
                        0.333
                      ],
                      "y": [
                        0
                      ]
                    },
                    "n": [
                      "0p667_1_0p333_0"
                    ],
                    "t": 2,
                    "s": [
                      100
                    ],
                    "e": [
                      0
                    ]
                  },
                  {
                    "t": 25
                  }
                ],
                "ix": 2
              },
              "o": {
                "k": 0,
                "ix": 3
              },
              "m": 1,
              "ix": 3,
              "nm": "Trim Paths 1"
            },
            {
              "ty": "tr",
              "p": {
                "k": [
                  0,
                  0
                ],
                "ix": 2
              },
              "a": {
                "k": [
                  0,
                  0
                ],
                "ix": 1
              },
              "s": {
                "k": [
                  100,
                  100
                ],
                "ix": 3
              },
              "r": {
                "k": 0,
                "ix": 6
              },
              "o": {
                "k": 100,
                "ix": 7
              },
              "sk": {
                "k": 0,
                "ix": 4
              },
              "sa": {
                "k": 0,
                "ix": 5
              },
              "nm": "Transform"
            }
          ],
          "nm": "Shape 1"
        }
      ],
      "ip": 0,
      "op": 32,
      "st": 0,
      "bm": 0,
      "sr": 1
    },
    {
      "ddd": 0,
      "ind": 1,
      "ty": 4,
      "nm": "Blue Flap 3",
      "parent": 8,
      "ks": {
        "o": {
          "k": 100
        },
        "r": {
          "k": -133
        },
        "p": {
          "k": [
            9.508,
            -8.866,
            0
          ]
        },
        "a": {
          "k": [
            0,
            0,
            0
          ]
        },
        "s": {
          "k": [
            100,
            100,
            100
          ]
        }
      },
      "ao": 0,
      "shapes": [
        {
          "ty": "gr",
          "it": [
            {
              "ind": 0,
              "ty": "sh",
              "ks": {
                "k": [
                  {
                    "i": {
                      "x": 0.833,
                      "y": 0.833
                    },
                    "o": {
                      "x": 0.167,
                      "y": 0.167
                    },
                    "n": "0p833_0p833_0p167_0p167",
                    "t": 14,
                    "s": [
                      {
                        "i": [
                          [
                            0,
                            0
                          ],
                          [
                            0,
                            0
                          ],
                          [
                            -3.113,
                            -16.726
                          ],
                          [
                            -10.402,
                            4.633
                          ]
                        ],
                        "o": [
                          [
                            0,
                            0
                          ],
                          [
                            0,
                            0
                          ],
                          [
                            20.635,
                            -7.419
                          ],
                          [
                            -3.86,
                            -26.839
                          ]
                        ],
                        "v": [
                          [
                            77,
                            31.5
                          ],
                          [
                            56,
                            66
                          ],
                          [
                            72.778,
                            117.809
                          ],
                          [
                            116.259,
                            104.476
                          ]
                        ],
                        "c": true
                      }
                    ],
                    "e": [
                      {
                        "i": [
                          [
                            0,
                            0
                          ],
                          [
                            0,
                            0
                          ],
                          [
                            -0.642,
                            -28.715
                          ],
                          [
                            -7.366,
                            3.813
                          ]
                        ],
                        "o": [
                          [
                            0,
                            0
                          ],
                          [
                            0,
                            0
                          ],
                          [
                            12.743,
                            -0.969
                          ],
                          [
                            -0.945,
                            -67.15
                          ]
                        ],
                        "v": [
                          [
                            77,
                            31.5
                          ],
                          [
                            56,
                            66
                          ],
                          [
                            74.467,
                            136.741
                          ],
                          [
                            119.073,
                            133.356
                          ]
                        ],
                        "c": true
                      }
                    ]
                  },
                  {
                    "i": {
                      "x": 0.833,
                      "y": 0.833
                    },
                    "o": {
                      "x": 0.167,
                      "y": 0.167
                    },
                    "n": "0p833_0p833_0p167_0p167",
                    "t": 16,
                    "s": [
                      {
                        "i": [
                          [
                            0,
                            0
                          ],
                          [
                            0,
                            0
                          ],
                          [
                            -0.642,
                            -28.715
                          ],
                          [
                            -7.366,
                            3.813
                          ]
                        ],
                        "o": [
                          [
                            0,
                            0
                          ],
                          [
                            0,
                            0
                          ],
                          [
                            12.743,
                            -0.969
                          ],
                          [
                            -0.945,
                            -67.15
                          ]
                        ],
                        "v": [
                          [
                            77,
                            31.5
                          ],
                          [
                            56,
                            66
                          ],
                          [
                            74.467,
                            136.741
                          ],
                          [
                            119.073,
                            133.356
                          ]
                        ],
                        "c": true
                      }
                    ],
                    "e": [
                      {
                        "i": [
                          [
                            0,
                            0
                          ],
                          [
                            0,
                            0
                          ],
                          [
                            -0.642,
                            -28.715
                          ],
                          [
                            -7.366,
                            3.813
                          ]
                        ],
                        "o": [
                          [
                            0,
                            0
                          ],
                          [
                            0,
                            0
                          ],
                          [
                            12.743,
                            -0.969
                          ],
                          [
                            -0.945,
                            -67.15
                          ]
                        ],
                        "v": [
                          [
                            77,
                            31.5
                          ],
                          [
                            56,
                            66
                          ],
                          [
                            84.425,
                            145.231
                          ],
                          [
                            118.783,
                            137.377
                          ]
                        ],
                        "c": true
                      }
                    ]
                  },
                  {
                    "i": {
                      "x": 0.833,
                      "y": 0.833
                    },
                    "o": {
                      "x": 0.167,
                      "y": 0.167
                    },
                    "n": "0p833_0p833_0p167_0p167",
                    "t": 17,
                    "s": [
                      {
                        "i": [
                          [
                            0,
                            0
                          ],
                          [
                            0,
                            0
                          ],
                          [
                            -0.642,
                            -28.715
                          ],
                          [
                            -7.366,
                            3.813
                          ]
                        ],
                        "o": [
                          [
                            0,
                            0
                          ],
                          [
                            0,
                            0
                          ],
                          [
                            12.743,
                            -0.969
                          ],
                          [
                            -0.945,
                            -67.15
                          ]
                        ],
                        "v": [
                          [
                            77,
                            31.5
                          ],
                          [
                            56,
                            66
                          ],
                          [
                            84.425,
                            145.231
                          ],
                          [
                            118.783,
                            137.377
                          ]
                        ],
                        "c": true
                      }
                    ],
                    "e": [
                      {
                        "i": [
                          [
                            0,
                            0
                          ],
                          [
                            0,
                            0
                          ],
                          [
                            -31.518,
                            -9.117
                          ],
                          [
                            -6.287,
                            10.97
                          ]
                        ],
                        "o": [
                          [
                            0,
                            0
                          ],
                          [
                            0,
                            0
                          ],
                          [
                            11.586,
                            -14.814
                          ],
                          [
                            -25.545,
                            -8.989
                          ]
                        ],
                        "v": [
                          [
                            77,
                            31.5
                          ],
                          [
                            56,
                            66
                          ],
                          [
                            123.85,
                            117.806
                          ],
                          [
                            148.133,
                            80.439
                          ]
                        ],
                        "c": true
                      }
                    ]
                  },
                  {
                    "i": {
                      "x": 0.833,
                      "y": 0.833
                    },
                    "o": {
                      "x": 0.167,
                      "y": 0.167
                    },
                    "n": "0p833_0p833_0p167_0p167",
                    "t": 19,
                    "s": [
                      {
                        "i": [
                          [
                            0,
                            0
                          ],
                          [
                            0,
                            0
                          ],
                          [
                            -31.518,
                            -9.117
                          ],
                          [
                            -6.287,
                            10.97
                          ]
                        ],
                        "o": [
                          [
                            0,
                            0
                          ],
                          [
                            0,
                            0
                          ],
                          [
                            11.586,
                            -14.814
                          ],
                          [
                            -25.545,
                            -8.989
                          ]
                        ],
                        "v": [
                          [
                            77,
                            31.5
                          ],
                          [
                            56,
                            66
                          ],
                          [
                            123.85,
                            117.806
                          ],
                          [
                            148.133,
                            80.439
                          ]
                        ],
                        "c": true
                      }
                    ],
                    "e": [
                      {
                        "i": [
                          [
                            0,
                            0
                          ],
                          [
                            0,
                            0
                          ],
                          [
                            -32.809,
                            0.284
                          ],
                          [
                            -2.885,
                            12.311
                          ]
                        ],
                        "o": [
                          [
                            0,
                            0
                          ],
                          [
                            0,
                            0
                          ],
                          [
                            6.862,
                            -17.51
                          ],
                          [
                            -27.049,
                            -1.303
                          ]
                        ],
                        "v": [
                          [
                            77,
                            31.5
                          ],
                          [
                            56,
                            66
                          ],
                          [
                            145.081,
                            107.873
                          ],
                          [
                            157.654,
                            65.119
                          ]
                        ],
                        "c": true
                      }
                    ]
                  },
                  {
                    "i": {
                      "x": 0.833,
                      "y": 0.833
                    },
                    "o": {
                      "x": 0.167,
                      "y": 0.167
                    },
                    "n": "0p833_0p833_0p167_0p167",
                    "t": 20,
                    "s": [
                      {
                        "i": [
                          [
                            0,
                            0
                          ],
                          [
                            0,
                            0
                          ],
                          [
                            -32.809,
                            0.284
                          ],
                          [
                            -2.885,
                            12.311
                          ]
                        ],
                        "o": [
                          [
                            0,
                            0
                          ],
                          [
                            0,
                            0
                          ],
                          [
                            6.862,
                            -17.51
                          ],
                          [
                            -27.049,
                            -1.303
                          ]
                        ],
                        "v": [
                          [
                            77,
                            31.5
                          ],
                          [
                            56,
                            66
                          ],
                          [
                            145.081,
                            107.873
                          ],
                          [
                            157.654,
                            65.119
                          ]
                        ],
                        "c": true
                      }
                    ],
                    "e": [
                      {
                        "i": [
                          [
                            0,
                            0
                          ],
                          [
                            0,
                            0
                          ],
                          [
                            0,
                            0
                          ],
                          [
                            0,
                            0
                          ]
                        ],
                        "o": [
                          [
                            0,
                            0
                          ],
                          [
                            0,
                            0
                          ],
                          [
                            0,
                            0
                          ],
                          [
                            0,
                            0
                          ]
                        ],
                        "v": [
                          [
                            77,
                            31.5
                          ],
                          [
                            56,
                            66
                          ],
                          [
                            104.128,
                            125.346
                          ],
                          [
                            141.827,
                            97.731
                          ]
                        ],
                        "c": true
                      }
                    ]
                  },
                  {
                    "i": {
                      "x": 0.833,
                      "y": 0.833
                    },
                    "o": {
                      "x": 0.167,
                      "y": 0.167
                    },
                    "n": "0p833_0p833_0p167_0p167",
                    "t": 22,
                    "s": [
                      {
                        "i": [
                          [
                            0,
                            0
                          ],
                          [
                            0,
                            0
                          ],
                          [
                            0,
                            0
                          ],
                          [
                            0,
                            0
                          ]
                        ],
                        "o": [
                          [
                            0,
                            0
                          ],
                          [
                            0,
                            0
                          ],
                          [
                            0,
                            0
                          ],
                          [
                            0,
                            0
                          ]
                        ],
                        "v": [
                          [
                            77,
                            31.5
                          ],
                          [
                            56,
                            66
                          ],
                          [
                            104.128,
                            125.346
                          ],
                          [
                            141.827,
                            97.731
                          ]
                        ],
                        "c": true
                      }
                    ],
                    "e": [
                      {
                        "i": [
                          [
                            0,
                            0
                          ],
                          [
                            0,
                            0
                          ],
                          [
                            0,
                            0
                          ],
                          [
                            0,
                            0
                          ]
                        ],
                        "o": [
                          [
                            0,
                            0
                          ],
                          [
                            0,
                            0
                          ],
                          [
                            0,
                            0
                          ],
                          [
                            0,
                            0
                          ]
                        ],
                        "v": [
                          [
                            77,
                            31.5
                          ],
                          [
                            56,
                            66
                          ],
                          [
                            93.797,
                            128.885
                          ],
                          [
                            134.906,
                            109.104
                          ]
                        ],
                        "c": true
                      }
                    ]
                  },
                  {
                    "i": {
                      "x": 0.833,
                      "y": 0.833
                    },
                    "o": {
                      "x": 0.167,
                      "y": 0.167
                    },
                    "n": "0p833_0p833_0p167_0p167",
                    "t": 23,
                    "s": [
                      {
                        "i": [
                          [
                            0,
                            0
                          ],
                          [
                            0,
                            0
                          ],
                          [
                            0,
                            0
                          ],
                          [
                            0,
                            0
                          ]
                        ],
                        "o": [
                          [
                            0,
                            0
                          ],
                          [
                            0,
                            0
                          ],
                          [
                            0,
                            0
                          ],
                          [
                            0,
                            0
                          ]
                        ],
                        "v": [
                          [
                            77,
                            31.5
                          ],
                          [
                            56,
                            66
                          ],
                          [
                            93.797,
                            128.885
                          ],
                          [
                            134.906,
                            109.104
                          ]
                        ],
                        "c": true
                      }
                    ],
                    "e": [
                      {
                        "i": [
                          [
                            0,
                            0
                          ],
                          [
                            0,
                            0
                          ],
                          [
                            0,
                            0
                          ],
                          [
                            0,
                            0
                          ]
                        ],
                        "o": [
                          [
                            0,
                            0
                          ],
                          [
                            0,
                            0
                          ],
                          [
                            0,
                            0
                          ],
                          [
                            0,
                            0
                          ]
                        ],
                        "v": [
                          [
                            77,
                            31.5
                          ],
                          [
                            56,
                            66
                          ],
                          [
                            108.5,
                            122.5
                          ],
                          [
                            141.5,
                            91
                          ]
                        ],
                        "c": true
                      }
                    ]
                  },
                  {
                    "t": 25
                  }
                ]
              },
              "nm": "Path 1"
            },
            {
              "ty": "st",
              "fillEnabled": true,
              "c": {
                "k": [
                  0,
                  0.01,
                  0.24,
                  1
                ]
              },
              "o": {
                "k": 100
              },
              "w": {
                "k": 0
              },
              "lc": 1,
              "lj": 1,
              "ml": 4,
              "nm": "Stroke 1"
            },
            {
              "ty": "fl",
              "fillEnabled": true,
              "c": {
                "k": [
                  0,
                  0.01,
                  0.24,
                  1
                ]
              },
              "o": {
                "k": 100
              },
              "nm": "Fill 1"
            },
            {
              "ty": "tr",
              "p": {
                "k": [
                  0,
                  0
                ],
                "ix": 2
              },
              "a": {
                "k": [
                  0,
                  0
                ],
                "ix": 1
              },
              "s": {
                "k": [
                  100,
                  100
                ],
                "ix": 3
              },
              "r": {
                "k": 0,
                "ix": 6
              },
              "o": {
                "k": 100,
                "ix": 7
              },
              "sk": {
                "k": 0,
                "ix": 4
              },
              "sa": {
                "k": 0,
                "ix": 5
              },
              "nm": "Transform"
            }
          ],
          "nm": "Shape 1"
        }
      ],
      "ip": 14,
      "op": 25,
      "st": 0,
      "bm": 0,
      "sr": 1
    },
    {
      "ddd": 0,
      "ind": 2,
      "ty": 4,
      "nm": "Blue Flap",
      "parent": 8,
      "ks": {
        "o": {
          "k": 100
        },
        "r": {
          "k": 0
        },
        "p": {
          "k": [
            0,
            -75.5,
            0
          ]
        },
        "a": {
          "k": [
            0,
            -88.5,
            0
          ]
        },
        "s": {
          "k": [
            {
              "i": {
                "x": [
                  0.667,
                  0.667,
                  0.667
                ],
                "y": [
                  0.667,
                  1,
                  0.667
                ]
              },
              "o": {
                "x": [
                  0.167,
                  0.167,
                  0.167
                ],
                "y": [
                  0.167,
                  0.167,
                  0.167
                ]
              },
              "n": [
                "0p667_0p667_0p167_0p167",
                "0p667_1_0p167_0p167",
                "0p667_0p667_0p167_0p167"
              ],
              "t": 0,
              "s": [
                100,
                0.5,
                100
              ],
              "e": [
                100,
                121,
                100
              ]
            },
            {
              "i": {
                "x": [
                  0.667,
                  0.667,
                  0.667
                ],
                "y": [
                  0.667,
                  1,
                  0.667
                ]
              },
              "o": {
                "x": [
                  0.333,
                  0.333,
                  0.333
                ],
                "y": [
                  0.333,
                  0,
                  0.333
                ]
              },
              "n": [
                "0p667_0p667_0p333_0p333",
                "0p667_1_0p333_0",
                "0p667_0p667_0p333_0p333"
              ],
              "t": 3,
              "s": [
                100,
                121,
                100
              ],
              "e": [
                100,
                100,
                100
              ]
            },
            {
              "t": 5
            }
          ]
        }
      },
      "ao": 0,
      "shapes": [
        {
          "ty": "gr",
          "it": [
            {
              "ind": 0,
              "ty": "sh",
              "ks": {
                "k": {
                  "i": [
                    [
                      0,
                      0
                    ],
                    [
                      0,
                      0
                    ],
                    [
                      0,
                      0
                    ],
                    [
                      0,
                      0
                    ]
                  ],
                  "o": [
                    [
                      0,
                      0
                    ],
                    [
                      0,
                      0
                    ],
                    [
                      0,
                      0
                    ],
                    [
                      0,
                      0
                    ]
                  ],
                  "v": [
                    [
                      24,
                      -187.5
                    ],
                    [
                      -22.5,
                      -188.5
                    ],
                    [
                      -21.5,
                      -88.5
                    ],
                    [
                      18.5,
                      -88.5
                    ]
                  ],
                  "c": true
                }
              },
              "nm": "Path 1"
            },
            {
              "ty": "st",
              "fillEnabled": true,
              "c": {
                "k": [
                  0.86,
                  0.86,
                  0.86,
                  1
                ]
              },
              "o": {
                "k": 100
              },
              "w": {
                "k": 0
              },
              "lc": 1,
              "lj": 1,
              "ml": 4,
              "nm": "Stroke 1"
            },
            {
              "ty": "fl",
              "fillEnabled": true,
              "c": {
                "k": [
                  0,
                  0.01,
                  0.24,
                  1
                ]
              },
              "o": {
                "k": 100
              },
              "nm": "Fill 1"
            },
            {
              "ty": "tr",
              "p": {
                "k": [
                  0,
                  0
                ],
                "ix": 2
              },
              "a": {
                "k": [
                  0,
                  0
                ],
                "ix": 1
              },
              "s": {
                "k": [
                  100,
                  100
                ],
                "ix": 3
              },
              "r": {
                "k": 0,
                "ix": 6
              },
              "o": {
                "k": 100,
                "ix": 7
              },
              "sk": {
                "k": 0,
                "ix": 4
              },
              "sa": {
                "k": 0,
                "ix": 5
              },
              "nm": "Transform"
            }
          ],
          "nm": "Shape 1"
        }
      ],
      "ip": 1,
      "op": 14,
      "st": 0,
      "bm": 0,
      "sr": 1
    },
    {
      "ddd": 0,
      "ind": 3,
      "ty": 4,
      "nm": "Navy Ring",
      "parent": 11,
      "ks": {
        "o": {
          "k": 100
        },
        "r": {
          "k": 0
        },
        "p": {
          "k": [
            133.08,
            304.8,
            0
          ]
        },
        "a": {
          "k": [
            -122,
            4,
            0
          ]
        },
        "s": {
          "k": [
            96,
            96,
            100
          ]
        }
      },
      "ao": 0,
      "shapes": [
        {
          "ty": "gr",
          "it": [
            {
              "d": 1,
              "ty": "el",
              "s": {
                "k": [
                  191,
                  191
                ]
              },
              "p": {
                "k": [
                  0,
                  0
                ]
              },
              "nm": "Ellipse Path 1"
            },
            {
              "ty": "st",
              "fillEnabled": true,
              "c": {
                "k": [
                  0,
                  0.01,
                  0.24,
                  1
                ]
              },
              "o": {
                "k": 100
              },
              "w": {
                "k": 46
              },
              "lc": 1,
              "lj": 1,
              "ml": 4,
              "nm": "Stroke 1"
            },
            {
              "ty": "tm",
              "s": {
                "k": 0,
                "ix": 1
              },
              "e": {
                "k": [
                  {
                    "i": {
                      "x": [
                        0.667
                      ],
                      "y": [
                        1
                      ]
                    },
                    "o": {
                      "x": [
                        0.333
                      ],
                      "y": [
                        0
                      ]
                    },
                    "n": [
                      "0p667_1_0p333_0"
                    ],
                    "t": 3,
                    "s": [
                      0
                    ],
                    "e": [
                      100
                    ]
                  },
                  {
                    "t": 16
                  }
                ],
                "ix": 2
              },
              "o": {
                "k": 0,
                "ix": 3
              },
              "m": 1,
              "ix": 3,
              "nm": "Trim Paths 1"
            },
            {
              "ty": "tr",
              "p": {
                "k": [
                  0.542,
                  -14.583
                ],
                "ix": 2
              },
              "a": {
                "k": [
                  0,
                  0
                ],
                "ix": 1
              },
              "s": {
                "k": [
                  102.211,
                  102.211
                ],
                "ix": 3
              },
              "r": {
                "k": 0,
                "ix": 6
              },
              "o": {
                "k": 100,
                "ix": 7
              },
              "sk": {
                "k": 0,
                "ix": 4
              },
              "sa": {
                "k": 0,
                "ix": 5
              },
              "nm": "Transform"
            }
          ],
          "nm": "Ellipse 1"
        }
      ],
      "ip": 0,
      "op": 25,
      "st": 0,
      "bm": 0,
      "sr": 1
    },
    {
      "ddd": 0,
      "ind": 4,
      "ty": 4,
      "nm": "Orange Ring",
      "parent": 11,
      "ks": {
        "o": {
          "k": 100
        },
        "r": {
          "k": 0
        },
        "p": {
          "k": [
            133.08,
            304.8,
            0
          ]
        },
        "a": {
          "k": [
            -122,
            4,
            0
          ]
        },
        "s": {
          "k": [
            96,
            96,
            100
          ]
        }
      },
      "ao": 0,
      "shapes": [
        {
          "ty": "gr",
          "it": [
            {
              "d": 1,
              "ty": "el",
              "s": {
                "k": [
                  191,
                  191
                ]
              },
              "p": {
                "k": [
                  0,
                  0
                ]
              },
              "nm": "Ellipse Path 1"
            },
            {
              "ty": "st",
              "fillEnabled": true,
              "c": {
                "k": [
                  0.86,
                  0.86,
                  0.86,
                  1
                ]
              },
              "o": {
                "k": 100
              },
              "w": {
                "k": 45
              },
              "lc": 1,
              "lj": 1,
              "ml": 4,
              "nm": "Stroke 1"
            },
            {
              "ty": "tm",
              "s": {
                "k": 0,
                "ix": 1
              },
              "e": {
                "k": [
                  {
                    "i": {
                      "x": [
                        0.667
                      ],
                      "y": [
                        1
                      ]
                    },
                    "o": {
                      "x": [
                        0.333
                      ],
                      "y": [
                        0
                      ]
                    },
                    "n": [
                      "0p667_1_0p333_0"
                    ],
                    "t": 0,
                    "s": [
                      0
                    ],
                    "e": [
                      100
                    ]
                  },
                  {
                    "t": 11
                  }
                ],
                "ix": 2
              },
              "o": {
                "k": 0,
                "ix": 3
              },
              "m": 1,
              "ix": 3,
              "nm": "Trim Paths 1"
            },
            {
              "ty": "tr",
              "p": {
                "k": [
                  0.542,
                  -14.583
                ],
                "ix": 2
              },
              "a": {
                "k": [
                  0,
                  0
                ],
                "ix": 1
              },
              "s": {
                "k": [
                  102.211,
                  102.211
                ],
                "ix": 3
              },
              "r": {
                "k": 0,
                "ix": 6
              },
              "o": {
                "k": 100,
                "ix": 7
              },
              "sk": {
                "k": 0,
                "ix": 4
              },
              "sa": {
                "k": 0,
                "ix": 5
              },
              "nm": "Transform"
            }
          ],
          "nm": "Ellipse 1"
        }
      ],
      "ip": 0,
      "op": 23,
      "st": -3,
      "bm": 0,
      "sr": 1
    },
    {
      "ddd": 0,
      "ind": 5,
      "ty": 4,
      "nm": "Blue Ring",
      "parent": 11,
      "ks": {
        "o": {
          "k": 100
        },
        "r": {
          "k": 0
        },
        "p": {
          "k": [
            133.08,
            304.8,
            0
          ]
        },
        "a": {
          "k": [
            -122,
            4,
            0
          ]
        },
        "s": {
          "k": [
            96,
            96,
            100
          ]
        }
      },
      "ao": 0,
      "shapes": [
        {
          "ty": "gr",
          "it": [
            {
              "d": 1,
              "ty": "el",
              "s": {
                "k": [
                  191,
                  191
                ]
              },
              "p": {
                "k": [
                  0,
                  0
                ]
              },
              "nm": "Ellipse Path 1"
            },
            {
              "ty": "st",
              "fillEnabled": true,
              "c": {
                "k": [
                  0.15,
                  0.8,
                  0.55,
                  1
                ]
              },
              "o": {
                "k": 100
              },
              "w": {
                "k": 43
              },
              "lc": 1,
              "lj": 1,
              "ml": 4,
              "nm": "Stroke 1"
            },
            {
              "ty": "tm",
              "s": {
                "k": 0,
                "ix": 1
              },
              "e": {
                "k": [
                  {
                    "i": {
                      "x": [
                        0.667
                      ],
                      "y": [
                        1
                      ]
                    },
                    "o": {
                      "x": [
                        0.333
                      ],
                      "y": [
                        0
                      ]
                    },
                    "n": [
                      "0p667_1_0p333_0"
                    ],
                    "t": 0,
                    "s": [
                      0
                    ],
                    "e": [
                      100
                    ]
                  },
                  {
                    "t": 11
                  }
                ],
                "ix": 2
              },
              "o": {
                "k": 0,
                "ix": 3
              },
              "m": 1,
              "ix": 3,
              "nm": "Trim Paths 1"
            },
            {
              "ty": "tr",
              "p": {
                "k": [
                  0.542,
                  -14.583
                ],
                "ix": 2
              },
              "a": {
                "k": [
                  0,
                  0
                ],
                "ix": 1
              },
              "s": {
                "k": [
                  102.211,
                  102.211
                ],
                "ix": 3
              },
              "r": {
                "k": 0,
                "ix": 6
              },
              "o": {
                "k": 100,
                "ix": 7
              },
              "sk": {
                "k": 0,
                "ix": 4
              },
              "sa": {
                "k": 0,
                "ix": 5
              },
              "nm": "Transform"
            }
          ],
          "nm": "Ellipse 1"
        }
      ],
      "ip": 1,
      "op": 25,
      "st": -1,
      "bm": 0,
      "sr": 1
    },
    {
      "ddd": 0,
      "ind": 6,
      "ty": 4,
      "nm": "White Ring",
      "parent": 11,
      "ks": {
        "o": {
          "k": 100
        },
        "r": {
          "k": 0
        },
        "p": {
          "k": [
            249.08,
            287,
            0
          ]
        },
        "a": {
          "k": [
            -1.167,
            -14.542,
            0
          ]
        },
        "s": {
          "k": [
            82.911,
            82.911,
            100
          ]
        }
      },
      "ao": 0,
      "shapes": [
        {
          "ty": "gr",
          "it": [
            {
              "d": 1,
              "ty": "el",
              "s": {
                "k": [
                  191,
                  191
                ]
              },
              "p": {
                "k": [
                  0,
                  0
                ]
              },
              "nm": "Ellipse Path 1"
            },
            {
              "ty": "st",
              "fillEnabled": true,
              "c": {
                "k": [
                  0,
                  0.32,
                  0.5,
                  1
                ]
              },
              "o": {
                "k": 100
              },
              "w": {
                "k": 46
              },
              "lc": 1,
              "lj": 1,
              "ml": 4,
              "nm": "Stroke 1"
            },
            {
              "ty": "tm",
              "s": {
                "k": [
                  {
                    "i": {
                      "x": [
                        0.833
                      ],
                      "y": [
                        0.833
                      ]
                    },
                    "o": {
                      "x": [
                        0.333
                      ],
                      "y": [
                        0.333
                      ]
                    },
                    "n": [
                      "0p833_0p833_0p333_0p333"
                    ],
                    "t": 0,
                    "s": [
                      0
                    ],
                    "e": [
                      0
                    ]
                  },
                  {
                    "i": {
                      "x": [
                        0.833
                      ],
                      "y": [
                        1
                      ]
                    },
                    "o": {
                      "x": [
                        0.167
                      ],
                      "y": [
                        0
                      ]
                    },
                    "n": [
                      "0p833_1_0p167_0"
                    ],
                    "t": 11,
                    "s": [
                      0
                    ],
                    "e": [
                      100
                    ]
                  },
                  {
                    "t": 22
                  }
                ],
                "ix": 1
              },
              "e": {
                "k": [
                  {
                    "i": {
                      "x": [
                        0.667
                      ],
                      "y": [
                        1
                      ]
                    },
                    "o": {
                      "x": [
                        0.333
                      ],
                      "y": [
                        0
                      ]
                    },
                    "n": [
                      "0p667_1_0p333_0"
                    ],
                    "t": 0,
                    "s": [
                      0
                    ],
                    "e": [
                      100
                    ]
                  },
                  {
                    "t": 11
                  }
                ],
                "ix": 2
              },
              "o": {
                "k": 0,
                "ix": 3
              },
              "m": 1,
              "ix": 3,
              "nm": "Trim Paths 1"
            },
            {
              "ty": "tr",
              "p": {
                "k": [
                  0.542,
                  -14.583
                ],
                "ix": 2
              },
              "a": {
                "k": [
                  0,
                  0
                ],
                "ix": 1
              },
              "s": {
                "k": [
                  102.211,
                  102.211
                ],
                "ix": 3
              },
              "r": {
                "k": 0,
                "ix": 6
              },
              "o": {
                "k": 100,
                "ix": 7
              },
              "sk": {
                "k": 0,
                "ix": 4
              },
              "sa": {
                "k": 0,
                "ix": 5
              },
              "nm": "Transform"
            }
          ],
          "nm": "Ellipse 1"
        }
      ],
      "ip": 0,
      "op": 25,
      "st": 0,
      "bm": 0,
      "sr": 1
    },
    {
      "ddd": 0,
      "ind": 7,
      "ty": 4,
      "nm": "White flap",
      "parent": 8,
      "ks": {
        "o": {
          "k": 100
        },
        "r": {
          "k": 0
        },
        "p": {
          "k": [
            0,
            -75.5,
            0
          ]
        },
        "a": {
          "k": [
            0,
            -88.5,
            0
          ]
        },
        "s": {
          "k": [
            {
              "i": {
                "x": [
                  0.667,
                  0.667,
                  0.667
                ],
                "y": [
                  0.667,
                  1,
                  0.667
                ]
              },
              "o": {
                "x": [
                  0.167,
                  0.167,
                  0.167
                ],
                "y": [
                  0.167,
                  0.167,
                  0.167
                ]
              },
              "n": [
                "0p667_0p667_0p167_0p167",
                "0p667_1_0p167_0p167",
                "0p667_0p667_0p167_0p167"
              ],
              "t": 0,
              "s": [
                100,
                0.5,
                100
              ],
              "e": [
                100,
                121,
                100
              ]
            },
            {
              "i": {
                "x": [
                  0.667,
                  0.667,
                  0.667
                ],
                "y": [
                  0.667,
                  1,
                  0.667
                ]
              },
              "o": {
                "x": [
                  0.333,
                  0.333,
                  0.333
                ],
                "y": [
                  0.333,
                  0,
                  0.333
                ]
              },
              "n": [
                "0p667_0p667_0p333_0p333",
                "0p667_1_0p333_0",
                "0p667_0p667_0p333_0p333"
              ],
              "t": 3,
              "s": [
                100,
                121,
                100
              ],
              "e": [
                100,
                100,
                100
              ]
            },
            {
              "t": 5
            }
          ]
        }
      },
      "ao": 0,
      "shapes": [
        {
          "ty": "gr",
          "it": [
            {
              "ind": 0,
              "ty": "sh",
              "ks": {
                "k": {
                  "i": [
                    [
                      0,
                      0
                    ],
                    [
                      0,
                      0
                    ],
                    [
                      0,
                      0
                    ],
                    [
                      0,
                      0
                    ]
                  ],
                  "o": [
                    [
                      0,
                      0
                    ],
                    [
                      0,
                      0
                    ],
                    [
                      0,
                      0
                    ],
                    [
                      0,
                      0
                    ]
                  ],
                  "v": [
                    [
                      24,
                      -187.5
                    ],
                    [
                      -22.5,
                      -188.5
                    ],
                    [
                      -21.5,
                      -88.5
                    ],
                    [
                      18.5,
                      -88.5
                    ]
                  ],
                  "c": true
                }
              },
              "nm": "Path 1"
            },
            {
              "ty": "st",
              "fillEnabled": true,
              "c": {
                "k": [
                  0.86,
                  0.86,
                  0.86,
                  1
                ]
              },
              "o": {
                "k": 100
              },
              "w": {
                "k": 0
              },
              "lc": 1,
              "lj": 1,
              "ml": 4,
              "nm": "Stroke 1"
            },
            {
              "ty": "fl",
              "fillEnabled": true,
              "c": {
                "k": [
                  0.86,
                  0.86,
                  0.86,
                  1
                ]
              },
              "o": {
                "k": 100
              },
              "nm": "Fill 1"
            },
            {
              "ty": "tr",
              "p": {
                "k": [
                  0,
                  0
                ],
                "ix": 2
              },
              "a": {
                "k": [
                  0,
                  0
                ],
                "ix": 1
              },
              "s": {
                "k": [
                  100,
                  100
                ],
                "ix": 3
              },
              "r": {
                "k": 0,
                "ix": 6
              },
              "o": {
                "k": 100,
                "ix": 7
              },
              "sk": {
                "k": 0,
                "ix": 4
              },
              "sa": {
                "k": 0,
                "ix": 5
              },
              "nm": "Transform"
            }
          ],
          "nm": "Shape 1"
        }
      ],
      "ip": 13,
      "op": 25,
      "st": 0,
      "bm": 0,
      "sr": 1
    },
    {
      "ddd": 0,
      "ind": 8,
      "ty": 3,
      "nm": "Null 2",
      "parent": 11,
      "ks": {
        "o": {
          "k": 0
        },
        "r": {
          "k": [
            {
              "i": {
                "x": [
                  0.667
                ],
                "y": [
                  1
                ]
              },
              "o": {
                "x": [
                  0.333
                ],
                "y": [
                  0
                ]
              },
              "n": [
                "0p667_1_0p333_0"
              ],
              "t": 0,
              "s": [
                0
              ],
              "e": [
                503
              ]
            },
            {
              "i": {
                "x": [
                  0.667
                ],
                "y": [
                  1
                ]
              },
              "o": {
                "x": [
                  0.333
                ],
                "y": [
                  0
                ]
              },
              "n": [
                "0p667_1_0p333_0"
              ],
              "t": 15,
              "s": [
                503
              ],
              "e": [
                476
              ]
            },
            {
              "i": {
                "x": [
                  0.667
                ],
                "y": [
                  1
                ]
              },
              "o": {
                "x": [
                  0.333
                ],
                "y": [
                  0
                ]
              },
              "n": [
                "0p667_1_0p333_0"
              ],
              "t": 18,
              "s": [
                476
              ],
              "e": [
                497
              ]
            },
            {
              "i": {
                "x": [
                  0.667
                ],
                "y": [
                  1
                ]
              },
              "o": {
                "x": [
                  0.333
                ],
                "y": [
                  0
                ]
              },
              "n": [
                "0p667_1_0p333_0"
              ],
              "t": 21,
              "s": [
                497
              ],
              "e": [
                493
              ]
            },
            {
              "t": 24
            }
          ]
        },
        "p": {
          "k": [
            250,
            287,
            0
          ]
        },
        "a": {
          "k": [
            0,
            0,
            0
          ]
        },
        "s": {
          "k": [
            100,
            100,
            100
          ]
        }
      },
      "ao": 0,
      "ip": 0,
      "op": 25,
      "st": 0,
      "bm": 0,
      "sr": 1
    },
    {
      "ddd": 0,
      "ind": 9,
      "ty": 4,
      "nm": "Q Outlines 2",
      "parent": 11,
      "ks": {
        "o": {
          "k": 100
        },
        "r": {
          "k": 0
        },
        "p": {
          "k": [
            250,
            400,
            0
          ]
        },
        "a": {
          "k": [
            0,
            0,
            0
          ]
        },
        "s": {
          "k": [
            100,
            100,
            100
          ]
        }
      },
      "ao": 0,
      "shapes": [
        {
          "ty": "gr",
          "it": [
            {
              "ind": 1,
              "ty": "sh",
              "ks": {
                "k": {
                  "i": [
                    [
                      39.88,
                      0
                    ],
                    [
                      0,
                      39.578
                    ],
                    [
                      -39.578,
                      0
                    ],
                    [
                      0,
                      -39.578
                    ]
                  ],
                  "o": [
                    [
                      -39.578,
                      0
                    ],
                    [
                      0,
                      -39.578
                    ],
                    [
                      39.88,
                      0
                    ],
                    [
                      0,
                      39.578
                    ]
                  ],
                  "v": [
                    [
                      0.76,
                      -43.204
                    ],
                    [
                      -69.333,
                      -113.297
                    ],
                    [
                      0.76,
                      -183.389
                    ],
                    [
                      71.155,
                      -113.297
                    ]
                  ],
                  "c": true
                }
              },
              "nm": "Q"
            },
            {
              "ty": "fl",
              "fillEnabled": true,
              "c": {
                "k": [
                  1,
                  1,
                  1,
                  1
                ]
              },
              "o": {
                "k": 100
              },
              "nm": "Fill 1"
            },
            {
              "ty": "tr",
              "p": {
                "k": [
                  0,
                  0
                ],
                "ix": 2
              },
              "a": {
                "k": [
                  0,
                  0
                ],
                "ix": 1
              },
              "s": {
                "k": [
                  100,
                  100
                ],
                "ix": 3
              },
              "r": {
                "k": 0,
                "ix": 6
              },
              "o": {
                "k": 100,
                "ix": 7
              },
              "sk": {
                "k": 0,
                "ix": 4
              },
              "sa": {
                "k": 0,
                "ix": 5
              },
              "nm": "Transform"
            }
          ],
          "nm": "Q"
        }
      ],
      "ip": 25,
      "op": 32,
      "st": 25,
      "bm": 0,
      "sr": 1
    },
    {
      "ddd": 0,
      "ind": 10,
      "ty": 4,
      "nm": "Q Outlines",
      "parent": 11,
      "ks": {
        "o": {
          "k": 100
        },
        "r": {
          "k": 0
        },
        "p": {
          "k": [
            250,
            400,
            0
          ]
        },
        "a": {
          "k": [
            0,
            0,
            0
          ]
        },
        "s": {
          "k": [
            100,
            100,
            100
          ]
        }
      },
      "ao": 0,
      "shapes": [
        {
          "ty": "gr",
          "it": [
            {
              "ind": 0,
              "ty": "sh",
              "ks": {
                "k": {
                  "i": [
                    [
                      0,
                      0
                    ],
                    [
                      0,
                      0
                    ],
                    [
                      0,
                      23.566
                    ],
                    [
                      64.352,
                      0
                    ],
                    [
                      0,
                      -64.352
                    ],
                    [
                      -64.352,
                      0
                    ],
                    [
                      -19.336,
                      14.2
                    ],
                    [
                      0,
                      0
                    ]
                  ],
                  "o": [
                    [
                      0,
                      0
                    ],
                    [
                      12.085,
                      -18.43
                    ],
                    [
                      0,
                      -64.352
                    ],
                    [
                      -64.352,
                      0
                    ],
                    [
                      0,
                      64.352
                    ],
                    [
                      25.681,
                      0
                    ],
                    [
                      0,
                      0
                    ],
                    [
                      0,
                      0
                    ]
                  ],
                  "v": [
                    [
                      141.248,
                      -8.459
                    ],
                    [
                      98.044,
                      -49.246
                    ],
                    [
                      117.078,
                      -113.297
                    ],
                    [
                      0.76,
                      -229.614
                    ],
                    [
                      -115.558,
                      -113.297
                    ],
                    [
                      0.76,
                      3.021
                    ],
                    [
                      69.342,
                      -19.336
                    ],
                    [
                      109.525,
                      23.264
                    ]
                  ],
                  "c": true
                }
              },
              "nm": "Q"
            },
            {
              "ty": "fl",
              "fillEnabled": true,
              "c": {
                "k": [
                  0,
                  0.01,
                  0.24,
                  1
                ]
              },
              "o": {
                "k": 100
              },
              "nm": "Fill 1"
            },
            {
              "ty": "tr",
              "p": {
                "k": [
                  0,
                  0
                ],
                "ix": 2
              },
              "a": {
                "k": [
                  0,
                  0
                ],
                "ix": 1
              },
              "s": {
                "k": [
                  100,
                  100
                ],
                "ix": 3
              },
              "r": {
                "k": 0,
                "ix": 6
              },
              "o": {
                "k": 100,
                "ix": 7
              },
              "sk": {
                "k": 0,
                "ix": 4
              },
              "sa": {
                "k": 0,
                "ix": 5
              },
              "nm": "Transform"
            }
          ],
          "nm": "Q"
        }
      ],
      "ip": 25,
      "op": 32,
      "st": 25,
      "bm": 0,
      "sr": 1
    },
    {
      "ddd": 0,
      "ind": 11,
      "ty": 1,
      "nm": "ResizerTemp",
      "parent": 12,
      "ks": {
        "o": {
          "k": 0
        },
        "r": {
          "k": 0
        },
        "p": {
          "k": [
            26.6,
            35.7,
            0
          ]
        },
        "a": {
          "k": [
            250,
            300,
            0
          ]
        },
        "s": {
          "k": [
            10.5,
            10.5,
            100
          ]
        }
      },
      "ao": 0,
      "sw": 500,
      "sh": 600,
      "sc": "#ffffff",
      "ip": 0,
      "op": 32,
      "st": 0,
      "bm": 0,
      "sr": 1
    },
    {
      "ddd": 0,
      "ind": 12,
      "ty": 1,
      "nm": "White Solid 47",
      "ks": {
        "o": {
          "k": 0
        },
        "r": {
          "k": 0
        },
        "p": {
          "k": [
            40,
            50,
            0
          ]
        },
        "a": {
          "k": [
            28,
            35,
            0
          ]
        },
        "s": {
          "k": [
            142.857,
            142.857,
            100
          ]
        }
      },
      "ao": 0,
      "sw": 56,
      "sh": 70,
      "sc": "#ffffff",
      "ip": 0,
      "op": 32,
      "st": 0,
      "bm": 0,
      "sr": 1
    }
  ],
  "v": "4.4.26",
  "ddd": 0,
  "ip": 0,
  "op": 32,
  "fr": 25,
  "w":70,
  "h":100
}

